start_region_hash,slots,0
08232402614a9b48895cc3d0aeb0e9f2,0,2
08232402614a9b48895cc3d0aeb0e9f2,1,3
08232402614a9b48895cc3d0aeb0e9f2,2,1
08232402614a9b48895cc3d0aeb0e9f2,4,1
08232402614a9b48895cc3d0aeb0e9f2,6,1
08232402614a9b48895cc3d0aeb0e9f2,7,3
08232402614a9b48895cc3d0aeb0e9f2,8,8
08232402614a9b48895cc3d0aeb0e9f2,9,13
08232402614a9b48895cc3d0aeb0e9f2,10,9
08232402614a9b48895cc3d0aeb0e9f2,11,7
08232402614a9b48895cc3d0aeb0e9f2,12,3
08232402614a9b48895cc3d0aeb0e9f2,13,11
08232402614a9b48895cc3d0aeb0e9f2,14,9
08232402614a9b48895cc3d0aeb0e9f2,15,9
08232402614a9b48895cc3d0aeb0e9f2,16,13
08232402614a9b48895cc3d0aeb0e9f2,17,9
08232402614a9b48895cc3d0aeb0e9f2,18,11
08232402614a9b48895cc3d0aeb0e9f2,19,11
08232402614a9b48895cc3d0aeb0e9f2,20,10
08232402614a9b48895cc3d0aeb0e9f2,21,7
08232402614a9b48895cc3d0aeb0e9f2,22,3
08232402614a9b48895cc3d0aeb0e9f2,23,6
08f5b445ec6b29deba62e6fd8b0325a6,1,1
08f5b445ec6b29deba62e6fd8b0325a6,7,2
08f5b445ec6b29deba62e6fd8b0325a6,8,5
08f5b445ec6b29deba62e6fd8b0325a6,9,3
08f5b445ec6b29deba62e6fd8b0325a6,10,8
08f5b445ec6b29deba62e6fd8b0325a6,11,9
08f5b445ec6b29deba62e6fd8b0325a6,12,12
08f5b445ec6b29deba62e6fd8b0325a6,13,20
08f5b445ec6b29deba62e6fd8b0325a6,14,28
08f5b445ec6b29deba62e6fd8b0325a6,15,34
08f5b445ec6b29deba62e6fd8b0325a6,16,72
08f5b445ec6b29deba62e6fd8b0325a6,17,40
08f5b445ec6b29deba62e6fd8b0325a6,18,13
08f5b445ec6b29deba62e6fd8b0325a6,19,7
08f5b445ec6b29deba62e6fd8b0325a6,20,16
08f5b445ec6b29deba62e6fd8b0325a6,21,7
08f5b445ec6b29deba62e6fd8b0325a6,22,3
0a5fef95db34383403d11cb6af937309,0,1
0a5fef95db34383403d11cb6af937309,7,2
0a5fef95db34383403d11cb6af937309,9,2
0a5fef95db34383403d11cb6af937309,10,3
0a5fef95db34383403d11cb6af937309,11,1
0a5fef95db34383403d11cb6af937309,12,2
0a5fef95db34383403d11cb6af937309,14,3
0a5fef95db34383403d11cb6af937309,15,2
0a5fef95db34383403d11cb6af937309,16,1
0a5fef95db34383403d11cb6af937309,17,5
0a5fef95db34383403d11cb6af937309,18,2
0a5fef95db34383403d11cb6af937309,19,1
0a5fef95db34383403d11cb6af937309,20,2
0a5fef95db34383403d11cb6af937309,21,2
0a5fef95db34383403d11cb6af937309,22,1
0a5fef95db34383403d11cb6af937309,23,2
1afd7afbc81ecc1b13886a569d869e8a,0,264
1afd7afbc81ecc1b13886a569d869e8a,1,222
1afd7afbc81ecc1b13886a569d869e8a,2,165
1afd7afbc81ecc1b13886a569d869e8a,3,82
1afd7afbc81ecc1b13886a569d869e8a,4,56
1afd7afbc81ecc1b13886a569d869e8a,5,30
1afd7afbc81ecc1b13886a569d869e8a,6,40
1afd7afbc81ecc1b13886a569d869e8a,7,198
1afd7afbc81ecc1b13886a569d869e8a,8,376
1afd7afbc81ecc1b13886a569d869e8a,9,422
1afd7afbc81ecc1b13886a569d869e8a,10,289
1afd7afbc81ecc1b13886a569d869e8a,11,289
1afd7afbc81ecc1b13886a569d869e8a,12,335
1afd7afbc81ecc1b13886a569d869e8a,13,357
1afd7afbc81ecc1b13886a569d869e8a,14,352
1afd7afbc81ecc1b13886a569d869e8a,15,378
1afd7afbc81ecc1b13886a569d869e8a,16,489
1afd7afbc81ecc1b13886a569d869e8a,17,498
1afd7afbc81ecc1b13886a569d869e8a,18,560
1afd7afbc81ecc1b13886a569d869e8a,19,467
1afd7afbc81ecc1b13886a569d869e8a,20,441
1afd7afbc81ecc1b13886a569d869e8a,21,414
1afd7afbc81ecc1b13886a569d869e8a,22,387
1afd7afbc81ecc1b13886a569d869e8a,23,258
1c60154546102e6525f68cb4f31e0657,0,4
1c60154546102e6525f68cb4f31e0657,1,1
1c60154546102e6525f68cb4f31e0657,3,1
1c60154546102e6525f68cb4f31e0657,6,3
1c60154546102e6525f68cb4f31e0657,7,14
1c60154546102e6525f68cb4f31e0657,8,18
1c60154546102e6525f68cb4f31e0657,9,25
1c60154546102e6525f68cb4f31e0657,10,23
1c60154546102e6525f68cb4f31e0657,11,31
1c60154546102e6525f68cb4f31e0657,12,38
1c60154546102e6525f68cb4f31e0657,13,28
1c60154546102e6525f68cb4f31e0657,14,34
1c60154546102e6525f68cb4f31e0657,15,44
1c60154546102e6525f68cb4f31e0657,16,51
1c60154546102e6525f68cb4f31e0657,17,49
1c60154546102e6525f68cb4f31e0657,18,43
1c60154546102e6525f68cb4f31e0657,19,34
1c60154546102e6525f68cb4f31e0657,20,36
1c60154546102e6525f68cb4f31e0657,21,26
1c60154546102e6525f68cb4f31e0657,22,13
1c60154546102e6525f68cb4f31e0657,23,12
1cbfbdd079ef93e74405c53fcfff8567,0,42
1cbfbdd079ef93e74405c53fcfff8567,1,30
1cbfbdd079ef93e74405c53fcfff8567,2,16
1cbfbdd079ef93e74405c53fcfff8567,3,13
1cbfbdd079ef93e74405c53fcfff8567,4,6
1cbfbdd079ef93e74405c53fcfff8567,5,5
1cbfbdd079ef93e74405c53fcfff8567,6,9
1cbfbdd079ef93e74405c53fcfff8567,7,43
1cbfbdd079ef93e74405c53fcfff8567,8,69
1cbfbdd079ef93e74405c53fcfff8567,9,79
1cbfbdd079ef93e74405c53fcfff8567,10,67
1cbfbdd079ef93e74405c53fcfff8567,11,62
1cbfbdd079ef93e74405c53fcfff8567,12,65
1cbfbdd079ef93e74405c53fcfff8567,13,50
1cbfbdd079ef93e74405c53fcfff8567,14,69
1cbfbdd079ef93e74405c53fcfff8567,15,65
1cbfbdd079ef93e74405c53fcfff8567,16,105
1cbfbdd079ef93e74405c53fcfff8567,17,100
1cbfbdd079ef93e74405c53fcfff8567,18,99
1cbfbdd079ef93e74405c53fcfff8567,19,88
1cbfbdd079ef93e74405c53fcfff8567,20,77
1cbfbdd079ef93e74405c53fcfff8567,21,74
1cbfbdd079ef93e74405c53fcfff8567,22,53
1cbfbdd079ef93e74405c53fcfff8567,23,38
1ecbb52d73c522f184a6fc53128b1ea1,0,43
1ecbb52d73c522f184a6fc53128b1ea1,1,39
1ecbb52d73c522f184a6fc53128b1ea1,2,11
1ecbb52d73c522f184a6fc53128b1ea1,3,9
1ecbb52d73c522f184a6fc53128b1ea1,4,2
1ecbb52d73c522f184a6fc53128b1ea1,5,3
1ecbb52d73c522f184a6fc53128b1ea1,6,7
1ecbb52d73c522f184a6fc53128b1ea1,7,23
1ecbb52d73c522f184a6fc53128b1ea1,8,53
1ecbb52d73c522f184a6fc53128b1ea1,9,60
1ecbb52d73c522f184a6fc53128b1ea1,10,40
1ecbb52d73c522f184a6fc53128b1ea1,11,44
1ecbb52d73c522f184a6fc53128b1ea1,12,58
1ecbb52d73c522f184a6fc53128b1ea1,13,47
1ecbb52d73c522f184a6fc53128b1ea1,14,62
1ecbb52d73c522f184a6fc53128b1ea1,15,67
1ecbb52d73c522f184a6fc53128b1ea1,16,66
1ecbb52d73c522f184a6fc53128b1ea1,17,93
1ecbb52d73c522f184a6fc53128b1ea1,18,87
1ecbb52d73c522f184a6fc53128b1ea1,19,72
1ecbb52d73c522f184a6fc53128b1ea1,20,81
1ecbb52d73c522f184a6fc53128b1ea1,21,73
1ecbb52d73c522f184a6fc53128b1ea1,22,35
1ecbb52d73c522f184a6fc53128b1ea1,23,30
2301bc920194c95cf0c7486e5675243c,0,28
2301bc920194c95cf0c7486e5675243c,1,25
2301bc920194c95cf0c7486e5675243c,2,19
2301bc920194c95cf0c7486e5675243c,3,6
2301bc920194c95cf0c7486e5675243c,4,1
2301bc920194c95cf0c7486e5675243c,6,4
2301bc920194c95cf0c7486e5675243c,7,24
2301bc920194c95cf0c7486e5675243c,8,57
2301bc920194c95cf0c7486e5675243c,9,61
2301bc920194c95cf0c7486e5675243c,10,56
2301bc920194c95cf0c7486e5675243c,11,59
2301bc920194c95cf0c7486e5675243c,12,72
2301bc920194c95cf0c7486e5675243c,13,65
2301bc920194c95cf0c7486e5675243c,14,74
2301bc920194c95cf0c7486e5675243c,15,51
2301bc920194c95cf0c7486e5675243c,16,69
2301bc920194c95cf0c7486e5675243c,17,72
2301bc920194c95cf0c7486e5675243c,18,66
2301bc920194c95cf0c7486e5675243c,19,57
2301bc920194c95cf0c7486e5675243c,20,62
2301bc920194c95cf0c7486e5675243c,21,42
2301bc920194c95cf0c7486e5675243c,22,31
2301bc920194c95cf0c7486e5675243c,23,22
2350be163432e42270d2670cb3c02f80,0,16
2350be163432e42270d2670cb3c02f80,1,15
2350be163432e42270d2670cb3c02f80,2,8
2350be163432e42270d2670cb3c02f80,3,1
2350be163432e42270d2670cb3c02f80,4,1
2350be163432e42270d2670cb3c02f80,5,3
2350be163432e42270d2670cb3c02f80,6,5
2350be163432e42270d2670cb3c02f80,7,26
2350be163432e42270d2670cb3c02f80,8,44
2350be163432e42270d2670cb3c02f80,9,41
2350be163432e42270d2670cb3c02f80,10,48
2350be163432e42270d2670cb3c02f80,11,45
2350be163432e42270d2670cb3c02f80,12,42
2350be163432e42270d2670cb3c02f80,13,47
2350be163432e42270d2670cb3c02f80,14,27
2350be163432e42270d2670cb3c02f80,15,36
2350be163432e42270d2670cb3c02f80,16,35
2350be163432e42270d2670cb3c02f80,17,49
2350be163432e42270d2670cb3c02f80,18,36
2350be163432e42270d2670cb3c02f80,19,61
2350be163432e42270d2670cb3c02f80,20,45
2350be163432e42270d2670cb3c02f80,21,42
2350be163432e42270d2670cb3c02f80,22,29
2350be163432e42270d2670cb3c02f80,23,27
2407d482f0ffa22a947068f2551fe62c,0,465
2407d482f0ffa22a947068f2551fe62c,1,434
2407d482f0ffa22a947068f2551fe62c,2,293
2407d482f0ffa22a947068f2551fe62c,3,113
2407d482f0ffa22a947068f2551fe62c,4,57
2407d482f0ffa22a947068f2551fe62c,5,35
2407d482f0ffa22a947068f2551fe62c,6,54
2407d482f0ffa22a947068f2551fe62c,7,228
2407d482f0ffa22a947068f2551fe62c,8,453
2407d482f0ffa22a947068f2551fe62c,9,596
2407d482f0ffa22a947068f2551fe62c,10,533
2407d482f0ffa22a947068f2551fe62c,11,561
2407d482f0ffa22a947068f2551fe62c,12,541
2407d482f0ffa22a947068f2551fe62c,13,567
2407d482f0ffa22a947068f2551fe62c,14,586
2407d482f0ffa22a947068f2551fe62c,15,578
2407d482f0ffa22a947068f2551fe62c,16,675
2407d482f0ffa22a947068f2551fe62c,17,841
2407d482f0ffa22a947068f2551fe62c,18,868
2407d482f0ffa22a947068f2551fe62c,19,719
2407d482f0ffa22a947068f2551fe62c,20,784
2407d482f0ffa22a947068f2551fe62c,21,775
2407d482f0ffa22a947068f2551fe62c,22,662
2407d482f0ffa22a947068f2551fe62c,23,453
2920ece99323b4c111d6f9affc7ea034,0,269
2920ece99323b4c111d6f9affc7ea034,1,303
2920ece99323b4c111d6f9affc7ea034,2,178
2920ece99323b4c111d6f9affc7ea034,3,68
2920ece99323b4c111d6f9affc7ea034,4,31
2920ece99323b4c111d6f9affc7ea034,5,30
2920ece99323b4c111d6f9affc7ea034,6,28
2920ece99323b4c111d6f9affc7ea034,7,98
2920ece99323b4c111d6f9affc7ea034,8,278
2920ece99323b4c111d6f9affc7ea034,9,402
2920ece99323b4c111d6f9affc7ea034,10,400
2920ece99323b4c111d6f9affc7ea034,11,398
2920ece99323b4c111d6f9affc7ea034,12,380
2920ece99323b4c111d6f9affc7ea034,13,394
2920ece99323b4c111d6f9affc7ea034,14,365
2920ece99323b4c111d6f9affc7ea034,15,353
2920ece99323b4c111d6f9affc7ea034,16,453
2920ece99323b4c111d6f9affc7ea034,17,518
2920ece99323b4c111d6f9affc7ea034,18,502
2920ece99323b4c111d6f9affc7ea034,19,415
2920ece99323b4c111d6f9affc7ea034,20,368
2920ece99323b4c111d6f9affc7ea034,21,354
2920ece99323b4c111d6f9affc7ea034,22,263
2920ece99323b4c111d6f9affc7ea034,23,158
307afa4120c590b3a46cf4ff5415608a,0,29
307afa4120c590b3a46cf4ff5415608a,1,22
307afa4120c590b3a46cf4ff5415608a,2,11
307afa4120c590b3a46cf4ff5415608a,3,2
307afa4120c590b3a46cf4ff5415608a,4,4
307afa4120c590b3a46cf4ff5415608a,5,3
307afa4120c590b3a46cf4ff5415608a,6,1
307afa4120c590b3a46cf4ff5415608a,7,10
307afa4120c590b3a46cf4ff5415608a,8,27
307afa4120c590b3a46cf4ff5415608a,9,51
307afa4120c590b3a46cf4ff5415608a,10,44
307afa4120c590b3a46cf4ff5415608a,11,40
307afa4120c590b3a46cf4ff5415608a,12,33
307afa4120c590b3a46cf4ff5415608a,13,40
307afa4120c590b3a46cf4ff5415608a,14,37
307afa4120c590b3a46cf4ff5415608a,15,46
307afa4120c590b3a46cf4ff5415608a,16,75
307afa4120c590b3a46cf4ff5415608a,17,62
307afa4120c590b3a46cf4ff5415608a,18,58
307afa4120c590b3a46cf4ff5415608a,19,41
307afa4120c590b3a46cf4ff5415608a,20,41
307afa4120c590b3a46cf4ff5415608a,21,45
307afa4120c590b3a46cf4ff5415608a,22,34
307afa4120c590b3a46cf4ff5415608a,23,32
364bf755f9b270f0f9141d1a61de43ee,0,167
364bf755f9b270f0f9141d1a61de43ee,1,153
364bf755f9b270f0f9141d1a61de43ee,2,90
364bf755f9b270f0f9141d1a61de43ee,3,40
364bf755f9b270f0f9141d1a61de43ee,4,15
364bf755f9b270f0f9141d1a61de43ee,5,16
364bf755f9b270f0f9141d1a61de43ee,6,46
364bf755f9b270f0f9141d1a61de43ee,7,144
364bf755f9b270f0f9141d1a61de43ee,8,252
364bf755f9b270f0f9141d1a61de43ee,9,301
364bf755f9b270f0f9141d1a61de43ee,10,261
364bf755f9b270f0f9141d1a61de43ee,11,266
364bf755f9b270f0f9141d1a61de43ee,12,286
364bf755f9b270f0f9141d1a61de43ee,13,291
364bf755f9b270f0f9141d1a61de43ee,14,293
364bf755f9b270f0f9141d1a61de43ee,15,276
364bf755f9b270f0f9141d1a61de43ee,16,351
364bf755f9b270f0f9141d1a61de43ee,17,403
364bf755f9b270f0f9141d1a61de43ee,18,465
364bf755f9b270f0f9141d1a61de43ee,19,353
364bf755f9b270f0f9141d1a61de43ee,20,322
364bf755f9b270f0f9141d1a61de43ee,21,316
364bf755f9b270f0f9141d1a61de43ee,22,316
364bf755f9b270f0f9141d1a61de43ee,23,201
38d5ad2d22b61109fd8e7b43cd0e8901,0,265
38d5ad2d22b61109fd8e7b43cd0e8901,1,231
38d5ad2d22b61109fd8e7b43cd0e8901,2,147
38d5ad2d22b61109fd8e7b43cd0e8901,3,79
38d5ad2d22b61109fd8e7b43cd0e8901,4,44
38d5ad2d22b61109fd8e7b43cd0e8901,5,36
38d5ad2d22b61109fd8e7b43cd0e8901,6,29
38d5ad2d22b61109fd8e7b43cd0e8901,7,152
38d5ad2d22b61109fd8e7b43cd0e8901,8,266
38d5ad2d22b61109fd8e7b43cd0e8901,9,290
38d5ad2d22b61109fd8e7b43cd0e8901,10,279
38d5ad2d22b61109fd8e7b43cd0e8901,11,234
38d5ad2d22b61109fd8e7b43cd0e8901,12,250
38d5ad2d22b61109fd8e7b43cd0e8901,13,260
38d5ad2d22b61109fd8e7b43cd0e8901,14,290
38d5ad2d22b61109fd8e7b43cd0e8901,15,325
38d5ad2d22b61109fd8e7b43cd0e8901,16,433
38d5ad2d22b61109fd8e7b43cd0e8901,17,462
38d5ad2d22b61109fd8e7b43cd0e8901,18,468
38d5ad2d22b61109fd8e7b43cd0e8901,19,421
38d5ad2d22b61109fd8e7b43cd0e8901,20,425
38d5ad2d22b61109fd8e7b43cd0e8901,21,439
38d5ad2d22b61109fd8e7b43cd0e8901,22,363
38d5ad2d22b61109fd8e7b43cd0e8901,23,212
3a43dcdff3c0b66b1acb1644ff055f9d,0,91
3a43dcdff3c0b66b1acb1644ff055f9d,1,87
3a43dcdff3c0b66b1acb1644ff055f9d,2,41
3a43dcdff3c0b66b1acb1644ff055f9d,3,19
3a43dcdff3c0b66b1acb1644ff055f9d,4,13
3a43dcdff3c0b66b1acb1644ff055f9d,5,5
3a43dcdff3c0b66b1acb1644ff055f9d,6,11
3a43dcdff3c0b66b1acb1644ff055f9d,7,44
3a43dcdff3c0b66b1acb1644ff055f9d,8,116
3a43dcdff3c0b66b1acb1644ff055f9d,9,142
3a43dcdff3c0b66b1acb1644ff055f9d,10,124
3a43dcdff3c0b66b1acb1644ff055f9d,11,117
3a43dcdff3c0b66b1acb1644ff055f9d,12,115
3a43dcdff3c0b66b1acb1644ff055f9d,13,112
3a43dcdff3c0b66b1acb1644ff055f9d,14,151
3a43dcdff3c0b66b1acb1644ff055f9d,15,144
3a43dcdff3c0b66b1acb1644ff055f9d,16,197
3a43dcdff3c0b66b1acb1644ff055f9d,17,222
3a43dcdff3c0b66b1acb1644ff055f9d,18,171
3a43dcdff3c0b66b1acb1644ff055f9d,19,170
3a43dcdff3c0b66b1acb1644ff055f9d,20,137
3a43dcdff3c0b66b1acb1644ff055f9d,21,142
3a43dcdff3c0b66b1acb1644ff055f9d,22,131
3a43dcdff3c0b66b1acb1644ff055f9d,23,106
3e12208dd0be281c92a6ab57d9a6fb32,0,26
3e12208dd0be281c92a6ab57d9a6fb32,1,14
3e12208dd0be281c92a6ab57d9a6fb32,2,13
3e12208dd0be281c92a6ab57d9a6fb32,3,3
3e12208dd0be281c92a6ab57d9a6fb32,4,7
3e12208dd0be281c92a6ab57d9a6fb32,5,2
3e12208dd0be281c92a6ab57d9a6fb32,6,10
3e12208dd0be281c92a6ab57d9a6fb32,7,23
3e12208dd0be281c92a6ab57d9a6fb32,8,39
3e12208dd0be281c92a6ab57d9a6fb32,9,47
3e12208dd0be281c92a6ab57d9a6fb32,10,43
3e12208dd0be281c92a6ab57d9a6fb32,11,41
3e12208dd0be281c92a6ab57d9a6fb32,12,39
3e12208dd0be281c92a6ab57d9a6fb32,13,44
3e12208dd0be281c92a6ab57d9a6fb32,14,36
3e12208dd0be281c92a6ab57d9a6fb32,15,37
3e12208dd0be281c92a6ab57d9a6fb32,16,49
3e12208dd0be281c92a6ab57d9a6fb32,17,59
3e12208dd0be281c92a6ab57d9a6fb32,18,51
3e12208dd0be281c92a6ab57d9a6fb32,19,52
3e12208dd0be281c92a6ab57d9a6fb32,20,50
3e12208dd0be281c92a6ab57d9a6fb32,21,37
3e12208dd0be281c92a6ab57d9a6fb32,22,30
3e12208dd0be281c92a6ab57d9a6fb32,23,21
445ff793ebd3477d4a2e0b36b2db9271,0,18
445ff793ebd3477d4a2e0b36b2db9271,1,18
445ff793ebd3477d4a2e0b36b2db9271,2,4
445ff793ebd3477d4a2e0b36b2db9271,3,1
445ff793ebd3477d4a2e0b36b2db9271,5,1
445ff793ebd3477d4a2e0b36b2db9271,6,1
445ff793ebd3477d4a2e0b36b2db9271,7,1
445ff793ebd3477d4a2e0b36b2db9271,8,6
445ff793ebd3477d4a2e0b36b2db9271,9,5
445ff793ebd3477d4a2e0b36b2db9271,10,4
445ff793ebd3477d4a2e0b36b2db9271,11,5
445ff793ebd3477d4a2e0b36b2db9271,12,4
445ff793ebd3477d4a2e0b36b2db9271,13,6
445ff793ebd3477d4a2e0b36b2db9271,14,10
445ff793ebd3477d4a2e0b36b2db9271,15,7
445ff793ebd3477d4a2e0b36b2db9271,16,7
445ff793ebd3477d4a2e0b36b2db9271,17,17
445ff793ebd3477d4a2e0b36b2db9271,18,7
445ff793ebd3477d4a2e0b36b2db9271,19,14
445ff793ebd3477d4a2e0b36b2db9271,20,11
445ff793ebd3477d4a2e0b36b2db9271,21,14
445ff793ebd3477d4a2e0b36b2db9271,22,15
445ff793ebd3477d4a2e0b36b2db9271,23,13
44c097b7bd219d104050abbafe51bd49,0,17
44c097b7bd219d104050abbafe51bd49,1,12
44c097b7bd219d104050abbafe51bd49,2,8
44c097b7bd219d104050abbafe51bd49,3,3
44c097b7bd219d104050abbafe51bd49,4,1
44c097b7bd219d104050abbafe51bd49,5,1
44c097b7bd219d104050abbafe51bd49,6,4
44c097b7bd219d104050abbafe51bd49,7,26
44c097b7bd219d104050abbafe51bd49,8,52
44c097b7bd219d104050abbafe51bd49,9,75
44c097b7bd219d104050abbafe51bd49,10,69
44c097b7bd219d104050abbafe51bd49,11,39
44c097b7bd219d104050abbafe51bd49,12,46
44c097b7bd219d104050abbafe51bd49,13,42
44c097b7bd219d104050abbafe51bd49,14,34
44c097b7bd219d104050abbafe51bd49,15,46
44c097b7bd219d104050abbafe51bd49,16,55
44c097b7bd219d104050abbafe51bd49,17,71
44c097b7bd219d104050abbafe51bd49,18,70
44c097b7bd219d104050abbafe51bd49,19,53
44c097b7bd219d104050abbafe51bd49,20,34
44c097b7bd219d104050abbafe51bd49,21,30
44c097b7bd219d104050abbafe51bd49,22,25
44c097b7bd219d104050abbafe51bd49,23,10
4725c39a5e5f4c188d382da3910b3f3f,0,1202
4725c39a5e5f4c188d382da3910b3f3f,1,1620
4725c39a5e5f4c188d382da3910b3f3f,2,994
4725c39a5e5f4c188d382da3910b3f3f,3,372
4725c39a5e5f4c188d382da3910b3f3f,4,187
4725c39a5e5f4c188d382da3910b3f3f,5,111
4725c39a5e5f4c188d382da3910b3f3f,6,105
4725c39a5e5f4c188d382da3910b3f3f,7,310
4725c39a5e5f4c188d382da3910b3f3f,8,637
4725c39a5e5f4c188d382da3910b3f3f,9,847
4725c39a5e5f4c188d382da3910b3f3f,10,893
4725c39a5e5f4c188d382da3910b3f3f,11,886
4725c39a5e5f4c188d382da3910b3f3f,12,872
4725c39a5e5f4c188d382da3910b3f3f,13,955
4725c39a5e5f4c188d382da3910b3f3f,14,968
4725c39a5e5f4c188d382da3910b3f3f,15,974
4725c39a5e5f4c188d382da3910b3f3f,16,1363
4725c39a5e5f4c188d382da3910b3f3f,17,1504
4725c39a5e5f4c188d382da3910b3f3f,18,1409
4725c39a5e5f4c188d382da3910b3f3f,19,1438
4725c39a5e5f4c188d382da3910b3f3f,20,1409
4725c39a5e5f4c188d382da3910b3f3f,21,1395
4725c39a5e5f4c188d382da3910b3f3f,22,1285
4725c39a5e5f4c188d382da3910b3f3f,23,854
49ac89aa860c27e26c0836cb8dab2df2,0,1
49ac89aa860c27e26c0836cb8dab2df2,1,4
49ac89aa860c27e26c0836cb8dab2df2,7,7
49ac89aa860c27e26c0836cb8dab2df2,8,5
49ac89aa860c27e26c0836cb8dab2df2,9,9
49ac89aa860c27e26c0836cb8dab2df2,10,5
49ac89aa860c27e26c0836cb8dab2df2,11,6
49ac89aa860c27e26c0836cb8dab2df2,12,5
49ac89aa860c27e26c0836cb8dab2df2,13,6
49ac89aa860c27e26c0836cb8dab2df2,14,2
49ac89aa860c27e26c0836cb8dab2df2,15,3
49ac89aa860c27e26c0836cb8dab2df2,16,12
49ac89aa860c27e26c0836cb8dab2df2,17,5
49ac89aa860c27e26c0836cb8dab2df2,18,10
49ac89aa860c27e26c0836cb8dab2df2,19,9
49ac89aa860c27e26c0836cb8dab2df2,20,5
49ac89aa860c27e26c0836cb8dab2df2,21,3
49ac89aa860c27e26c0836cb8dab2df2,22,4
4b7f6f4e2bf237b6cc58f57142bea5c0,0,37
4b7f6f4e2bf237b6cc58f57142bea5c0,1,29
4b7f6f4e2bf237b6cc58f57142bea5c0,2,10
4b7f6f4e2bf237b6cc58f57142bea5c0,3,3
4b7f6f4e2bf237b6cc58f57142bea5c0,4,5
4b7f6f4e2bf237b6cc58f57142bea5c0,5,1
4b7f6f4e2bf237b6cc58f57142bea5c0,6,2
4b7f6f4e2bf237b6cc58f57142bea5c0,7,34
4b7f6f4e2bf237b6cc58f57142bea5c0,8,52
4b7f6f4e2bf237b6cc58f57142bea5c0,9,78
4b7f6f4e2bf237b6cc58f57142bea5c0,10,69
4b7f6f4e2bf237b6cc58f57142bea5c0,11,68
4b7f6f4e2bf237b6cc58f57142bea5c0,12,68
4b7f6f4e2bf237b6cc58f57142bea5c0,13,68
4b7f6f4e2bf237b6cc58f57142bea5c0,14,74
4b7f6f4e2bf237b6cc58f57142bea5c0,15,62
4b7f6f4e2bf237b6cc58f57142bea5c0,16,65
4b7f6f4e2bf237b6cc58f57142bea5c0,17,93
4b7f6f4e2bf237b6cc58f57142bea5c0,18,76
4b7f6f4e2bf237b6cc58f57142bea5c0,19,68
4b7f6f4e2bf237b6cc58f57142bea5c0,20,74
4b7f6f4e2bf237b6cc58f57142bea5c0,21,65
4b7f6f4e2bf237b6cc58f57142bea5c0,22,45
4b7f6f4e2bf237b6cc58f57142bea5c0,23,34
4b9e4cf2fbdc8281b8a1f9f12b80ce4d,0,4
4b9e4cf2fbdc8281b8a1f9f12b80ce4d,1,5
4b9e4cf2fbdc8281b8a1f9f12b80ce4d,3,1
4b9e4cf2fbdc8281b8a1f9f12b80ce4d,7,3
4b9e4cf2fbdc8281b8a1f9f12b80ce4d,8,11
4b9e4cf2fbdc8281b8a1f9f12b80ce4d,9,19
4b9e4cf2fbdc8281b8a1f9f12b80ce4d,10,10
4b9e4cf2fbdc8281b8a1f9f12b80ce4d,11,9
4b9e4cf2fbdc8281b8a1f9f12b80ce4d,12,20
4b9e4cf2fbdc8281b8a1f9f12b80ce4d,13,21
4b9e4cf2fbdc8281b8a1f9f12b80ce4d,14,18
4b9e4cf2fbdc8281b8a1f9f12b80ce4d,15,21
4b9e4cf2fbdc8281b8a1f9f12b80ce4d,16,29
4b9e4cf2fbdc8281b8a1f9f12b80ce4d,17,23
4b9e4cf2fbdc8281b8a1f9f12b80ce4d,18,33
4b9e4cf2fbdc8281b8a1f9f12b80ce4d,19,17
4b9e4cf2fbdc8281b8a1f9f12b80ce4d,20,20
4b9e4cf2fbdc8281b8a1f9f12b80ce4d,21,14
4b9e4cf2fbdc8281b8a1f9f12b80ce4d,22,10
4b9e4cf2fbdc8281b8a1f9f12b80ce4d,23,8
4f4041f7db0c7f69892d9b74c1a7efa1,0,4
4f4041f7db0c7f69892d9b74c1a7efa1,1,1
4f4041f7db0c7f69892d9b74c1a7efa1,2,2
4f4041f7db0c7f69892d9b74c1a7efa1,5,2
4f4041f7db0c7f69892d9b74c1a7efa1,6,3
4f4041f7db0c7f69892d9b74c1a7efa1,7,4
4f4041f7db0c7f69892d9b74c1a7efa1,8,9
4f4041f7db0c7f69892d9b74c1a7efa1,9,23
4f4041f7db0c7f69892d9b74c1a7efa1,10,21
4f4041f7db0c7f69892d9b74c1a7efa1,11,31
4f4041f7db0c7f69892d9b74c1a7efa1,12,20
4f4041f7db0c7f69892d9b74c1a7efa1,13,22
4f4041f7db0c7f69892d9b74c1a7efa1,14,15
4f4041f7db0c7f69892d9b74c1a7efa1,15,20
4f4041f7db0c7f69892d9b74c1a7efa1,16,25
4f4041f7db0c7f69892d9b74c1a7efa1,17,28
4f4041f7db0c7f69892d9b74c1a7efa1,18,15
4f4041f7db0c7f69892d9b74c1a7efa1,19,17
4f4041f7db0c7f69892d9b74c1a7efa1,20,10
4f4041f7db0c7f69892d9b74c1a7efa1,21,14
4f4041f7db0c7f69892d9b74c1a7efa1,22,1
4f4041f7db0c7f69892d9b74c1a7efa1,23,5
4f8d81b5c31af5d1ba579a65ddc8a5cb,0,24
4f8d81b5c31af5d1ba579a65ddc8a5cb,1,29
4f8d81b5c31af5d1ba579a65ddc8a5cb,2,16
4f8d81b5c31af5d1ba579a65ddc8a5cb,3,7
4f8d81b5c31af5d1ba579a65ddc8a5cb,4,3
4f8d81b5c31af5d1ba579a65ddc8a5cb,5,6
4f8d81b5c31af5d1ba579a65ddc8a5cb,6,9
4f8d81b5c31af5d1ba579a65ddc8a5cb,7,36
4f8d81b5c31af5d1ba579a65ddc8a5cb,8,50
4f8d81b5c31af5d1ba579a65ddc8a5cb,9,53
4f8d81b5c31af5d1ba579a65ddc8a5cb,10,37
4f8d81b5c31af5d1ba579a65ddc8a5cb,11,47
4f8d81b5c31af5d1ba579a65ddc8a5cb,12,49
4f8d81b5c31af5d1ba579a65ddc8a5cb,13,51
4f8d81b5c31af5d1ba579a65ddc8a5cb,14,67
4f8d81b5c31af5d1ba579a65ddc8a5cb,15,50
4f8d81b5c31af5d1ba579a65ddc8a5cb,16,67
4f8d81b5c31af5d1ba579a65ddc8a5cb,17,65
4f8d81b5c31af5d1ba579a65ddc8a5cb,18,55
4f8d81b5c31af5d1ba579a65ddc8a5cb,19,58
4f8d81b5c31af5d1ba579a65ddc8a5cb,20,63
4f8d81b5c31af5d1ba579a65ddc8a5cb,21,67
4f8d81b5c31af5d1ba579a65ddc8a5cb,22,41
4f8d81b5c31af5d1ba579a65ddc8a5cb,23,33
52a4e8aaa12f70020e889aed8fd5ddbc,0,51
52a4e8aaa12f70020e889aed8fd5ddbc,1,50
52a4e8aaa12f70020e889aed8fd5ddbc,2,40
52a4e8aaa12f70020e889aed8fd5ddbc,3,23
52a4e8aaa12f70020e889aed8fd5ddbc,4,8
52a4e8aaa12f70020e889aed8fd5ddbc,5,9
52a4e8aaa12f70020e889aed8fd5ddbc,6,17
52a4e8aaa12f70020e889aed8fd5ddbc,7,76
52a4e8aaa12f70020e889aed8fd5ddbc,8,137
52a4e8aaa12f70020e889aed8fd5ddbc,9,158
52a4e8aaa12f70020e889aed8fd5ddbc,10,142
52a4e8aaa12f70020e889aed8fd5ddbc,11,160
52a4e8aaa12f70020e889aed8fd5ddbc,12,158
52a4e8aaa12f70020e889aed8fd5ddbc,13,147
52a4e8aaa12f70020e889aed8fd5ddbc,14,133
52a4e8aaa12f70020e889aed8fd5ddbc,15,141
52a4e8aaa12f70020e889aed8fd5ddbc,16,132
52a4e8aaa12f70020e889aed8fd5ddbc,17,166
52a4e8aaa12f70020e889aed8fd5ddbc,18,179
52a4e8aaa12f70020e889aed8fd5ddbc,19,173
52a4e8aaa12f70020e889aed8fd5ddbc,20,190
52a4e8aaa12f70020e889aed8fd5ddbc,21,132
52a4e8aaa12f70020e889aed8fd5ddbc,22,119
52a4e8aaa12f70020e889aed8fd5ddbc,23,95
52d7b69796362a8ed1691a6cc02ddde4,0,18
52d7b69796362a8ed1691a6cc02ddde4,1,26
52d7b69796362a8ed1691a6cc02ddde4,2,7
52d7b69796362a8ed1691a6cc02ddde4,3,2
52d7b69796362a8ed1691a6cc02ddde4,4,1
52d7b69796362a8ed1691a6cc02ddde4,5,1
52d7b69796362a8ed1691a6cc02ddde4,6,1
52d7b69796362a8ed1691a6cc02ddde4,7,19
52d7b69796362a8ed1691a6cc02ddde4,8,31
52d7b69796362a8ed1691a6cc02ddde4,9,34
52d7b69796362a8ed1691a6cc02ddde4,10,50
52d7b69796362a8ed1691a6cc02ddde4,11,41
52d7b69796362a8ed1691a6cc02ddde4,12,45
52d7b69796362a8ed1691a6cc02ddde4,13,49
52d7b69796362a8ed1691a6cc02ddde4,14,41
52d7b69796362a8ed1691a6cc02ddde4,15,37
52d7b69796362a8ed1691a6cc02ddde4,16,59
52d7b69796362a8ed1691a6cc02ddde4,17,66
52d7b69796362a8ed1691a6cc02ddde4,18,48
52d7b69796362a8ed1691a6cc02ddde4,19,49
52d7b69796362a8ed1691a6cc02ddde4,20,49
52d7b69796362a8ed1691a6cc02ddde4,21,38
52d7b69796362a8ed1691a6cc02ddde4,22,29
52d7b69796362a8ed1691a6cc02ddde4,23,20
52e56004d92b8c74d53e1e42699cba6f,0,39
52e56004d92b8c74d53e1e42699cba6f,1,32
52e56004d92b8c74d53e1e42699cba6f,2,26
52e56004d92b8c74d53e1e42699cba6f,3,8
52e56004d92b8c74d53e1e42699cba6f,4,6
52e56004d92b8c74d53e1e42699cba6f,5,7
52e56004d92b8c74d53e1e42699cba6f,6,14
52e56004d92b8c74d53e1e42699cba6f,7,47
52e56004d92b8c74d53e1e42699cba6f,8,82
52e56004d92b8c74d53e1e42699cba6f,9,147
52e56004d92b8c74d53e1e42699cba6f,10,115
52e56004d92b8c74d53e1e42699cba6f,11,84
52e56004d92b8c74d53e1e42699cba6f,12,90
52e56004d92b8c74d53e1e42699cba6f,13,91
52e56004d92b8c74d53e1e42699cba6f,14,91
52e56004d92b8c74d53e1e42699cba6f,15,88
52e56004d92b8c74d53e1e42699cba6f,16,155
52e56004d92b8c74d53e1e42699cba6f,17,143
52e56004d92b8c74d53e1e42699cba6f,18,193
52e56004d92b8c74d53e1e42699cba6f,19,168
52e56004d92b8c74d53e1e42699cba6f,20,114
52e56004d92b8c74d53e1e42699cba6f,21,96
52e56004d92b8c74d53e1e42699cba6f,22,72
52e56004d92b8c74d53e1e42699cba6f,23,48
58c7a4888306d8ff3a641d1c0feccbe3,0,7
58c7a4888306d8ff3a641d1c0feccbe3,1,4
58c7a4888306d8ff3a641d1c0feccbe3,2,6
58c7a4888306d8ff3a641d1c0feccbe3,3,1
58c7a4888306d8ff3a641d1c0feccbe3,6,1
58c7a4888306d8ff3a641d1c0feccbe3,7,5
58c7a4888306d8ff3a641d1c0feccbe3,8,12
58c7a4888306d8ff3a641d1c0feccbe3,9,19
58c7a4888306d8ff3a641d1c0feccbe3,10,11
58c7a4888306d8ff3a641d1c0feccbe3,11,15
58c7a4888306d8ff3a641d1c0feccbe3,12,13
58c7a4888306d8ff3a641d1c0feccbe3,13,18
58c7a4888306d8ff3a641d1c0feccbe3,14,20
58c7a4888306d8ff3a641d1c0feccbe3,15,15
58c7a4888306d8ff3a641d1c0feccbe3,16,26
58c7a4888306d8ff3a641d1c0feccbe3,17,24
58c7a4888306d8ff3a641d1c0feccbe3,18,18
58c7a4888306d8ff3a641d1c0feccbe3,19,15
58c7a4888306d8ff3a641d1c0feccbe3,20,18
58c7a4888306d8ff3a641d1c0feccbe3,21,10
58c7a4888306d8ff3a641d1c0feccbe3,22,9
58c7a4888306d8ff3a641d1c0feccbe3,23,7
62afaf3288e236b389af9cfdc5206415,0,680
62afaf3288e236b389af9cfdc5206415,1,743
62afaf3288e236b389af9cfdc5206415,2,432
62afaf3288e236b389af9cfdc5206415,3,196
62afaf3288e236b389af9cfdc5206415,4,94
62afaf3288e236b389af9cfdc5206415,5,71
62afaf3288e236b389af9cfdc5206415,6,82
62afaf3288e236b389af9cfdc5206415,7,256
62afaf3288e236b389af9cfdc5206415,8,505
62afaf3288e236b389af9cfdc5206415,9,637
62afaf3288e236b389af9cfdc5206415,10,673
62afaf3288e236b389af9cfdc5206415,11,663
62afaf3288e236b389af9cfdc5206415,12,683
62afaf3288e236b389af9cfdc5206415,13,716
62afaf3288e236b389af9cfdc5206415,14,790
62afaf3288e236b389af9cfdc5206415,15,750
62afaf3288e236b389af9cfdc5206415,16,1111
62afaf3288e236b389af9cfdc5206415,17,1144
62afaf3288e236b389af9cfdc5206415,18,979
62afaf3288e236b389af9cfdc5206415,19,904
62afaf3288e236b389af9cfdc5206415,20,867
62afaf3288e236b389af9cfdc5206415,21,899
62afaf3288e236b389af9cfdc5206415,22,781
62afaf3288e236b389af9cfdc5206415,23,513
693a21b16653871bbd455403da5412b4,0,50
693a21b16653871bbd455403da5412b4,1,26
693a21b16653871bbd455403da5412b4,2,8
693a21b16653871bbd455403da5412b4,3,1
693a21b16653871bbd455403da5412b4,6,1
693a21b16653871bbd455403da5412b4,7,1
693a21b16653871bbd455403da5412b4,8,12
693a21b16653871bbd455403da5412b4,9,38
693a21b16653871bbd455403da5412b4,10,60
693a21b16653871bbd455403da5412b4,11,43
693a21b16653871bbd455403da5412b4,12,26
693a21b16653871bbd455403da5412b4,13,26
693a21b16653871bbd455403da5412b4,14,23
693a21b16653871bbd455403da5412b4,15,32
693a21b16653871bbd455403da5412b4,16,43
693a21b16653871bbd455403da5412b4,17,42
693a21b16653871bbd455403da5412b4,18,35
693a21b16653871bbd455403da5412b4,19,48
693a21b16653871bbd455403da5412b4,20,45
693a21b16653871bbd455403da5412b4,21,32
693a21b16653871bbd455403da5412b4,22,34
693a21b16653871bbd455403da5412b4,23,35
73ff8ef735e1d68f0cdcbb84d788f2b6,0,27
73ff8ef735e1d68f0cdcbb84d788f2b6,1,15
73ff8ef735e1d68f0cdcbb84d788f2b6,2,3
73ff8ef735e1d68f0cdcbb84d788f2b6,3,1
73ff8ef735e1d68f0cdcbb84d788f2b6,4,3
73ff8ef735e1d68f0cdcbb84d788f2b6,5,3
73ff8ef735e1d68f0cdcbb84d788f2b6,6,2
73ff8ef735e1d68f0cdcbb84d788f2b6,7,5
73ff8ef735e1d68f0cdcbb84d788f2b6,8,19
73ff8ef735e1d68f0cdcbb84d788f2b6,9,22
73ff8ef735e1d68f0cdcbb84d788f2b6,10,24
73ff8ef735e1d68f0cdcbb84d788f2b6,11,18
73ff8ef735e1d68f0cdcbb84d788f2b6,12,21
73ff8ef735e1d68f0cdcbb84d788f2b6,13,44
73ff8ef735e1d68f0cdcbb84d788f2b6,14,37
73ff8ef735e1d68f0cdcbb84d788f2b6,15,56
73ff8ef735e1d68f0cdcbb84d788f2b6,16,65
73ff8ef735e1d68f0cdcbb84d788f2b6,17,43
73ff8ef735e1d68f0cdcbb84d788f2b6,18,35
73ff8ef735e1d68f0cdcbb84d788f2b6,19,51
73ff8ef735e1d68f0cdcbb84d788f2b6,20,66
73ff8ef735e1d68f0cdcbb84d788f2b6,21,65
73ff8ef735e1d68f0cdcbb84d788f2b6,22,49
73ff8ef735e1d68f0cdcbb84d788f2b6,23,23
74c1c25f4b283fa74a5514307b0d0278,0,527
74c1c25f4b283fa74a5514307b0d0278,1,496
74c1c25f4b283fa74a5514307b0d0278,2,290
74c1c25f4b283fa74a5514307b0d0278,3,117
74c1c25f4b283fa74a5514307b0d0278,4,63
74c1c25f4b283fa74a5514307b0d0278,5,30
74c1c25f4b283fa74a5514307b0d0278,6,28
74c1c25f4b283fa74a5514307b0d0278,7,138
74c1c25f4b283fa74a5514307b0d0278,8,263
74c1c25f4b283fa74a5514307b0d0278,9,332
74c1c25f4b283fa74a5514307b0d0278,10,367
74c1c25f4b283fa74a5514307b0d0278,11,408
74c1c25f4b283fa74a5514307b0d0278,12,410
74c1c25f4b283fa74a5514307b0d0278,13,457
74c1c25f4b283fa74a5514307b0d0278,14,508
74c1c25f4b283fa74a5514307b0d0278,15,550
74c1c25f4b283fa74a5514307b0d0278,16,739
74c1c25f4b283fa74a5514307b0d0278,17,827
74c1c25f4b283fa74a5514307b0d0278,18,699
74c1c25f4b283fa74a5514307b0d0278,19,581
74c1c25f4b283fa74a5514307b0d0278,20,593
74c1c25f4b283fa74a5514307b0d0278,21,672
74c1c25f4b283fa74a5514307b0d0278,22,590
74c1c25f4b283fa74a5514307b0d0278,23,377
74ec84f1cf75cf89ae176c8c6ceec5ba,0,4
74ec84f1cf75cf89ae176c8c6ceec5ba,1,1
74ec84f1cf75cf89ae176c8c6ceec5ba,2,1
74ec84f1cf75cf89ae176c8c6ceec5ba,6,3
74ec84f1cf75cf89ae176c8c6ceec5ba,7,6
74ec84f1cf75cf89ae176c8c6ceec5ba,8,14
74ec84f1cf75cf89ae176c8c6ceec5ba,9,12
74ec84f1cf75cf89ae176c8c6ceec5ba,10,10
74ec84f1cf75cf89ae176c8c6ceec5ba,11,10
74ec84f1cf75cf89ae176c8c6ceec5ba,12,13
74ec84f1cf75cf89ae176c8c6ceec5ba,13,15
74ec84f1cf75cf89ae176c8c6ceec5ba,14,13
74ec84f1cf75cf89ae176c8c6ceec5ba,15,20
74ec84f1cf75cf89ae176c8c6ceec5ba,16,14
74ec84f1cf75cf89ae176c8c6ceec5ba,17,9
74ec84f1cf75cf89ae176c8c6ceec5ba,18,11
74ec84f1cf75cf89ae176c8c6ceec5ba,19,18
74ec84f1cf75cf89ae176c8c6ceec5ba,20,8
74ec84f1cf75cf89ae176c8c6ceec5ba,21,11
74ec84f1cf75cf89ae176c8c6ceec5ba,22,1
74ec84f1cf75cf89ae176c8c6ceec5ba,23,7
7f84bdfc2b6d4541e1f6c0a3349e0251,0,2
7f84bdfc2b6d4541e1f6c0a3349e0251,7,4
7f84bdfc2b6d4541e1f6c0a3349e0251,8,5
7f84bdfc2b6d4541e1f6c0a3349e0251,9,2
7f84bdfc2b6d4541e1f6c0a3349e0251,10,8
7f84bdfc2b6d4541e1f6c0a3349e0251,11,7
7f84bdfc2b6d4541e1f6c0a3349e0251,12,7
7f84bdfc2b6d4541e1f6c0a3349e0251,13,8
7f84bdfc2b6d4541e1f6c0a3349e0251,14,10
7f84bdfc2b6d4541e1f6c0a3349e0251,15,7
7f84bdfc2b6d4541e1f6c0a3349e0251,16,15
7f84bdfc2b6d4541e1f6c0a3349e0251,17,10
7f84bdfc2b6d4541e1f6c0a3349e0251,18,14
7f84bdfc2b6d4541e1f6c0a3349e0251,19,10
7f84bdfc2b6d4541e1f6c0a3349e0251,20,7
7f84bdfc2b6d4541e1f6c0a3349e0251,21,2
7f84bdfc2b6d4541e1f6c0a3349e0251,22,2
825a21aa308dea206adb49c4b77c7805,0,4
825a21aa308dea206adb49c4b77c7805,1,4
825a21aa308dea206adb49c4b77c7805,2,3
825a21aa308dea206adb49c4b77c7805,3,1
825a21aa308dea206adb49c4b77c7805,4,1
825a21aa308dea206adb49c4b77c7805,6,2
825a21aa308dea206adb49c4b77c7805,7,7
825a21aa308dea206adb49c4b77c7805,8,9
825a21aa308dea206adb49c4b77c7805,9,12
825a21aa308dea206adb49c4b77c7805,10,24
825a21aa308dea206adb49c4b77c7805,11,14
825a21aa308dea206adb49c4b77c7805,12,17
825a21aa308dea206adb49c4b77c7805,13,16
825a21aa308dea206adb49c4b77c7805,14,17
825a21aa308dea206adb49c4b77c7805,15,15
825a21aa308dea206adb49c4b77c7805,16,23
825a21aa308dea206adb49c4b77c7805,17,13
825a21aa308dea206adb49c4b77c7805,18,15
825a21aa308dea206adb49c4b77c7805,19,15
825a21aa308dea206adb49c4b77c7805,20,14
825a21aa308dea206adb49c4b77c7805,21,7
825a21aa308dea206adb49c4b77c7805,22,9
825a21aa308dea206adb49c4b77c7805,23,6
825c426141df01d38c1b9e9c5330bdac,0,4
825c426141df01d38c1b9e9c5330bdac,1,2
825c426141df01d38c1b9e9c5330bdac,2,4
825c426141df01d38c1b9e9c5330bdac,7,6
825c426141df01d38c1b9e9c5330bdac,8,16
825c426141df01d38c1b9e9c5330bdac,9,15
825c426141df01d38c1b9e9c5330bdac,10,14
825c426141df01d38c1b9e9c5330bdac,11,16
825c426141df01d38c1b9e9c5330bdac,12,14
825c426141df01d38c1b9e9c5330bdac,13,15
825c426141df01d38c1b9e9c5330bdac,14,20
825c426141df01d38c1b9e9c5330bdac,15,15
825c426141df01d38c1b9e9c5330bdac,16,19
825c426141df01d38c1b9e9c5330bdac,17,27
825c426141df01d38c1b9e9c5330bdac,18,8
825c426141df01d38c1b9e9c5330bdac,19,8
825c426141df01d38c1b9e9c5330bdac,20,14
825c426141df01d38c1b9e9c5330bdac,21,13
825c426141df01d38c1b9e9c5330bdac,22,7
825c426141df01d38c1b9e9c5330bdac,23,1
82cc4851f9e4faa4e54309f8bb73fd7c,0,959
82cc4851f9e4faa4e54309f8bb73fd7c,1,1016
82cc4851f9e4faa4e54309f8bb73fd7c,2,635
82cc4851f9e4faa4e54309f8bb73fd7c,3,329
82cc4851f9e4faa4e54309f8bb73fd7c,4,136
82cc4851f9e4faa4e54309f8bb73fd7c,5,78
82cc4851f9e4faa4e54309f8bb73fd7c,6,80
82cc4851f9e4faa4e54309f8bb73fd7c,7,235
82cc4851f9e4faa4e54309f8bb73fd7c,8,476
82cc4851f9e4faa4e54309f8bb73fd7c,9,799
82cc4851f9e4faa4e54309f8bb73fd7c,10,673
82cc4851f9e4faa4e54309f8bb73fd7c,11,696
82cc4851f9e4faa4e54309f8bb73fd7c,12,756
82cc4851f9e4faa4e54309f8bb73fd7c,13,857
82cc4851f9e4faa4e54309f8bb73fd7c,14,833
82cc4851f9e4faa4e54309f8bb73fd7c,15,821
82cc4851f9e4faa4e54309f8bb73fd7c,16,1328
82cc4851f9e4faa4e54309f8bb73fd7c,17,1377
82cc4851f9e4faa4e54309f8bb73fd7c,18,1340
82cc4851f9e4faa4e54309f8bb73fd7c,19,1324
82cc4851f9e4faa4e54309f8bb73fd7c,20,1327
82cc4851f9e4faa4e54309f8bb73fd7c,21,1414
82cc4851f9e4faa4e54309f8bb73fd7c,22,1165
82cc4851f9e4faa4e54309f8bb73fd7c,23,728
8316146a6f78cc6d9f113f0390859417,0,1
8316146a6f78cc6d9f113f0390859417,1,4
8316146a6f78cc6d9f113f0390859417,7,2
8316146a6f78cc6d9f113f0390859417,8,4
8316146a6f78cc6d9f113f0390859417,9,8
8316146a6f78cc6d9f113f0390859417,10,7
8316146a6f78cc6d9f113f0390859417,11,5
8316146a6f78cc6d9f113f0390859417,12,1
8316146a6f78cc6d9f113f0390859417,13,5
8316146a6f78cc6d9f113f0390859417,14,3
8316146a6f78cc6d9f113f0390859417,15,2
8316146a6f78cc6d9f113f0390859417,16,3
8316146a6f78cc6d9f113f0390859417,17,6
8316146a6f78cc6d9f113f0390859417,18,6
8316146a6f78cc6d9f113f0390859417,19,4
8316146a6f78cc6d9f113f0390859417,20,5
8316146a6f78cc6d9f113f0390859417,21,4
8316146a6f78cc6d9f113f0390859417,22,1
8316146a6f78cc6d9f113f0390859417,23,3
87285a66236346350541b8815c5fae94,0,107
87285a66236346350541b8815c5fae94,1,128
87285a66236346350541b8815c5fae94,2,70
87285a66236346350541b8815c5fae94,3,37
87285a66236346350541b8815c5fae94,4,21
87285a66236346350541b8815c5fae94,5,9
87285a66236346350541b8815c5fae94,6,7
87285a66236346350541b8815c5fae94,7,34
87285a66236346350541b8815c5fae94,8,83
87285a66236346350541b8815c5fae94,9,98
87285a66236346350541b8815c5fae94,10,122
87285a66236346350541b8815c5fae94,11,140
87285a66236346350541b8815c5fae94,12,145
87285a66236346350541b8815c5fae94,13,176
87285a66236346350541b8815c5fae94,14,150
87285a66236346350541b8815c5fae94,15,152
87285a66236346350541b8815c5fae94,16,167
87285a66236346350541b8815c5fae94,17,241
87285a66236346350541b8815c5fae94,18,209
87285a66236346350541b8815c5fae94,19,199
87285a66236346350541b8815c5fae94,20,156
87285a66236346350541b8815c5fae94,21,156
87285a66236346350541b8815c5fae94,22,123
87285a66236346350541b8815c5fae94,23,103
8bb37d24db1ad665e706c2655d9c4c72,0,11
8bb37d24db1ad665e706c2655d9c4c72,1,8
8bb37d24db1ad665e706c2655d9c4c72,2,10
8bb37d24db1ad665e706c2655d9c4c72,3,1
8bb37d24db1ad665e706c2655d9c4c72,4,2
8bb37d24db1ad665e706c2655d9c4c72,5,1
8bb37d24db1ad665e706c2655d9c4c72,6,10
8bb37d24db1ad665e706c2655d9c4c72,7,20
8bb37d24db1ad665e706c2655d9c4c72,8,45
8bb37d24db1ad665e706c2655d9c4c72,9,56
8bb37d24db1ad665e706c2655d9c4c72,10,55
8bb37d24db1ad665e706c2655d9c4c72,11,47
8bb37d24db1ad665e706c2655d9c4c72,12,42
8bb37d24db1ad665e706c2655d9c4c72,13,40
8bb37d24db1ad665e706c2655d9c4c72,14,38
8bb37d24db1ad665e706c2655d9c4c72,15,43
8bb37d24db1ad665e706c2655d9c4c72,16,46
8bb37d24db1ad665e706c2655d9c4c72,17,54
8bb37d24db1ad665e706c2655d9c4c72,18,48
8bb37d24db1ad665e706c2655d9c4c72,19,39
8bb37d24db1ad665e706c2655d9c4c72,20,39
8bb37d24db1ad665e706c2655d9c4c72,21,35
8bb37d24db1ad665e706c2655d9c4c72,22,20
8bb37d24db1ad665e706c2655d9c4c72,23,25
90c5a34f06ac86aee0fd70e2adce7d8a,0,622
90c5a34f06ac86aee0fd70e2adce7d8a,1,554
90c5a34f06ac86aee0fd70e2adce7d8a,2,331
90c5a34f06ac86aee0fd70e2adce7d8a,3,160
90c5a34f06ac86aee0fd70e2adce7d8a,4,83
90c5a34f06ac86aee0fd70e2adce7d8a,5,55
90c5a34f06ac86aee0fd70e2adce7d8a,6,67
90c5a34f06ac86aee0fd70e2adce7d8a,7,269
90c5a34f06ac86aee0fd70e2adce7d8a,8,474
90c5a34f06ac86aee0fd70e2adce7d8a,9,537
90c5a34f06ac86aee0fd70e2adce7d8a,10,558
90c5a34f06ac86aee0fd70e2adce7d8a,11,544
90c5a34f06ac86aee0fd70e2adce7d8a,12,617
90c5a34f06ac86aee0fd70e2adce7d8a,13,639
90c5a34f06ac86aee0fd70e2adce7d8a,14,654
90c5a34f06ac86aee0fd70e2adce7d8a,15,673
90c5a34f06ac86aee0fd70e2adce7d8a,16,841
90c5a34f06ac86aee0fd70e2adce7d8a,17,1051
90c5a34f06ac86aee0fd70e2adce7d8a,18,1074
90c5a34f06ac86aee0fd70e2adce7d8a,19,1002
90c5a34f06ac86aee0fd70e2adce7d8a,20,914
90c5a34f06ac86aee0fd70e2adce7d8a,21,933
90c5a34f06ac86aee0fd70e2adce7d8a,22,866
90c5a34f06ac86aee0fd70e2adce7d8a,23,574
91690261186ae5bee8f83808ea1e4a01,0,146
91690261186ae5bee8f83808ea1e4a01,1,96
91690261186ae5bee8f83808ea1e4a01,2,57
91690261186ae5bee8f83808ea1e4a01,3,22
91690261186ae5bee8f83808ea1e4a01,4,15
91690261186ae5bee8f83808ea1e4a01,5,15
91690261186ae5bee8f83808ea1e4a01,6,23
91690261186ae5bee8f83808ea1e4a01,7,128
91690261186ae5bee8f83808ea1e4a01,8,259
91690261186ae5bee8f83808ea1e4a01,9,336
91690261186ae5bee8f83808ea1e4a01,10,337
91690261186ae5bee8f83808ea1e4a01,11,300
91690261186ae5bee8f83808ea1e4a01,12,339
91690261186ae5bee8f83808ea1e4a01,13,365
91690261186ae5bee8f83808ea1e4a01,14,327
91690261186ae5bee8f83808ea1e4a01,15,332
91690261186ae5bee8f83808ea1e4a01,16,433
91690261186ae5bee8f83808ea1e4a01,17,494
91690261186ae5bee8f83808ea1e4a01,18,555
91690261186ae5bee8f83808ea1e4a01,19,402
91690261186ae5bee8f83808ea1e4a01,20,315
91690261186ae5bee8f83808ea1e4a01,21,314
91690261186ae5bee8f83808ea1e4a01,22,303
91690261186ae5bee8f83808ea1e4a01,23,168
929ec6c160e6f52c20a4217c7978f681,0,515
929ec6c160e6f52c20a4217c7978f681,1,967
929ec6c160e6f52c20a4217c7978f681,2,602
929ec6c160e6f52c20a4217c7978f681,3,265
929ec6c160e6f52c20a4217c7978f681,4,128
929ec6c160e6f52c20a4217c7978f681,5,63
929ec6c160e6f52c20a4217c7978f681,6,49
929ec6c160e6f52c20a4217c7978f681,7,124
929ec6c160e6f52c20a4217c7978f681,8,309
929ec6c160e6f52c20a4217c7978f681,9,439
929ec6c160e6f52c20a4217c7978f681,10,509
929ec6c160e6f52c20a4217c7978f681,11,519
929ec6c160e6f52c20a4217c7978f681,12,573
929ec6c160e6f52c20a4217c7978f681,13,567
929ec6c160e6f52c20a4217c7978f681,14,559
929ec6c160e6f52c20a4217c7978f681,15,566
929ec6c160e6f52c20a4217c7978f681,16,807
929ec6c160e6f52c20a4217c7978f681,17,683
929ec6c160e6f52c20a4217c7978f681,18,838
929ec6c160e6f52c20a4217c7978f681,19,661
929ec6c160e6f52c20a4217c7978f681,20,581
929ec6c160e6f52c20a4217c7978f681,21,530
929ec6c160e6f52c20a4217c7978f681,22,442
929ec6c160e6f52c20a4217c7978f681,23,361
a5609739c6b5c2719a3752327c5e33a7,0,128
a5609739c6b5c2719a3752327c5e33a7,1,146
a5609739c6b5c2719a3752327c5e33a7,2,72
a5609739c6b5c2719a3752327c5e33a7,3,51
a5609739c6b5c2719a3752327c5e33a7,4,27
a5609739c6b5c2719a3752327c5e33a7,5,17
a5609739c6b5c2719a3752327c5e33a7,6,24
a5609739c6b5c2719a3752327c5e33a7,7,95
a5609739c6b5c2719a3752327c5e33a7,8,209
a5609739c6b5c2719a3752327c5e33a7,9,214
a5609739c6b5c2719a3752327c5e33a7,10,191
a5609739c6b5c2719a3752327c5e33a7,11,225
a5609739c6b5c2719a3752327c5e33a7,12,228
a5609739c6b5c2719a3752327c5e33a7,13,249
a5609739c6b5c2719a3752327c5e33a7,14,260
a5609739c6b5c2719a3752327c5e33a7,15,261
a5609739c6b5c2719a3752327c5e33a7,16,303
a5609739c6b5c2719a3752327c5e33a7,17,356
a5609739c6b5c2719a3752327c5e33a7,18,348
a5609739c6b5c2719a3752327c5e33a7,19,268
a5609739c6b5c2719a3752327c5e33a7,20,228
a5609739c6b5c2719a3752327c5e33a7,21,261
a5609739c6b5c2719a3752327c5e33a7,22,224
a5609739c6b5c2719a3752327c5e33a7,23,168
a735449c5c09df639c35a7d61fad3ee5,8,1
a735449c5c09df639c35a7d61fad3ee5,9,2
a735449c5c09df639c35a7d61fad3ee5,10,7
a735449c5c09df639c35a7d61fad3ee5,11,2
a735449c5c09df639c35a7d61fad3ee5,12,1
a735449c5c09df639c35a7d61fad3ee5,13,1
a735449c5c09df639c35a7d61fad3ee5,14,7
a735449c5c09df639c35a7d61fad3ee5,16,4
a735449c5c09df639c35a7d61fad3ee5,17,2
a735449c5c09df639c35a7d61fad3ee5,18,1
a735449c5c09df639c35a7d61fad3ee5,19,1
a735449c5c09df639c35a7d61fad3ee5,20,1
a735449c5c09df639c35a7d61fad3ee5,21,5
a735449c5c09df639c35a7d61fad3ee5,22,3
a735449c5c09df639c35a7d61fad3ee5,23,3
a814069db8d32f0fa6e188f41059c6e1,0,5
a814069db8d32f0fa6e188f41059c6e1,1,4
a814069db8d32f0fa6e188f41059c6e1,2,5
a814069db8d32f0fa6e188f41059c6e1,3,2
a814069db8d32f0fa6e188f41059c6e1,4,1
a814069db8d32f0fa6e188f41059c6e1,5,1
a814069db8d32f0fa6e188f41059c6e1,7,12
a814069db8d32f0fa6e188f41059c6e1,8,22
a814069db8d32f0fa6e188f41059c6e1,9,21
a814069db8d32f0fa6e188f41059c6e1,10,31
a814069db8d32f0fa6e188f41059c6e1,11,31
a814069db8d32f0fa6e188f41059c6e1,12,31
a814069db8d32f0fa6e188f41059c6e1,13,34
a814069db8d32f0fa6e188f41059c6e1,14,36
a814069db8d32f0fa6e188f41059c6e1,15,26
a814069db8d32f0fa6e188f41059c6e1,16,42
a814069db8d32f0fa6e188f41059c6e1,17,39
a814069db8d32f0fa6e188f41059c6e1,18,21
a814069db8d32f0fa6e188f41059c6e1,19,33
a814069db8d32f0fa6e188f41059c6e1,20,42
a814069db8d32f0fa6e188f41059c6e1,21,29
a814069db8d32f0fa6e188f41059c6e1,22,13
a814069db8d32f0fa6e188f41059c6e1,23,13
b05379ac3f9b7d99370d443cfd5dcc28,0,534
b05379ac3f9b7d99370d443cfd5dcc28,1,623
b05379ac3f9b7d99370d443cfd5dcc28,2,258
b05379ac3f9b7d99370d443cfd5dcc28,3,133
b05379ac3f9b7d99370d443cfd5dcc28,4,75
b05379ac3f9b7d99370d443cfd5dcc28,5,47
b05379ac3f9b7d99370d443cfd5dcc28,6,45
b05379ac3f9b7d99370d443cfd5dcc28,7,155
b05379ac3f9b7d99370d443cfd5dcc28,8,298
b05379ac3f9b7d99370d443cfd5dcc28,9,426
b05379ac3f9b7d99370d443cfd5dcc28,10,347
b05379ac3f9b7d99370d443cfd5dcc28,11,344
b05379ac3f9b7d99370d443cfd5dcc28,12,365
b05379ac3f9b7d99370d443cfd5dcc28,13,386
b05379ac3f9b7d99370d443cfd5dcc28,14,426
b05379ac3f9b7d99370d443cfd5dcc28,15,411
b05379ac3f9b7d99370d443cfd5dcc28,16,735
b05379ac3f9b7d99370d443cfd5dcc28,17,840
b05379ac3f9b7d99370d443cfd5dcc28,18,814
b05379ac3f9b7d99370d443cfd5dcc28,19,665
b05379ac3f9b7d99370d443cfd5dcc28,20,636
b05379ac3f9b7d99370d443cfd5dcc28,21,676
b05379ac3f9b7d99370d443cfd5dcc28,22,604
b05379ac3f9b7d99370d443cfd5dcc28,23,346
b26a240205c852804ff8758628c0a86a,0,176
b26a240205c852804ff8758628c0a86a,1,153
b26a240205c852804ff8758628c0a86a,2,96
b26a240205c852804ff8758628c0a86a,3,44
b26a240205c852804ff8758628c0a86a,4,15
b26a240205c852804ff8758628c0a86a,5,11
b26a240205c852804ff8758628c0a86a,6,11
b26a240205c852804ff8758628c0a86a,7,65
b26a240205c852804ff8758628c0a86a,8,141
b26a240205c852804ff8758628c0a86a,9,182
b26a240205c852804ff8758628c0a86a,10,161
b26a240205c852804ff8758628c0a86a,11,180
b26a240205c852804ff8758628c0a86a,12,189
b26a240205c852804ff8758628c0a86a,13,200
b26a240205c852804ff8758628c0a86a,14,214
b26a240205c852804ff8758628c0a86a,15,281
b26a240205c852804ff8758628c0a86a,16,346
b26a240205c852804ff8758628c0a86a,17,343
b26a240205c852804ff8758628c0a86a,18,342
b26a240205c852804ff8758628c0a86a,19,322
b26a240205c852804ff8758628c0a86a,20,354
b26a240205c852804ff8758628c0a86a,21,346
b26a240205c852804ff8758628c0a86a,22,294
b26a240205c852804ff8758628c0a86a,23,173
b702e920dcd2765e624dc1ce3a770512,0,89
b702e920dcd2765e624dc1ce3a770512,1,96
b702e920dcd2765e624dc1ce3a770512,2,59
b702e920dcd2765e624dc1ce3a770512,3,27
b702e920dcd2765e624dc1ce3a770512,4,14
b702e920dcd2765e624dc1ce3a770512,5,11
b702e920dcd2765e624dc1ce3a770512,6,14
b702e920dcd2765e624dc1ce3a770512,7,37
b702e920dcd2765e624dc1ce3a770512,8,82
b702e920dcd2765e624dc1ce3a770512,9,99
b702e920dcd2765e624dc1ce3a770512,10,115
b702e920dcd2765e624dc1ce3a770512,11,112
b702e920dcd2765e624dc1ce3a770512,12,128
b702e920dcd2765e624dc1ce3a770512,13,161
b702e920dcd2765e624dc1ce3a770512,14,146
b702e920dcd2765e624dc1ce3a770512,15,150
b702e920dcd2765e624dc1ce3a770512,16,233
b702e920dcd2765e624dc1ce3a770512,17,267
b702e920dcd2765e624dc1ce3a770512,18,203
b702e920dcd2765e624dc1ce3a770512,19,200
b702e920dcd2765e624dc1ce3a770512,20,187
b702e920dcd2765e624dc1ce3a770512,21,198
b702e920dcd2765e624dc1ce3a770512,22,178
b702e920dcd2765e624dc1ce3a770512,23,99
ba32abfc048219e933bee869741da911,0,41
ba32abfc048219e933bee869741da911,1,21
ba32abfc048219e933bee869741da911,2,14
ba32abfc048219e933bee869741da911,3,2
ba32abfc048219e933bee869741da911,4,1
ba32abfc048219e933bee869741da911,5,2
ba32abfc048219e933bee869741da911,6,2
ba32abfc048219e933bee869741da911,7,18
ba32abfc048219e933bee869741da911,8,51
ba32abfc048219e933bee869741da911,9,53
ba32abfc048219e933bee869741da911,10,54
ba32abfc048219e933bee869741da911,11,53
ba32abfc048219e933bee869741da911,12,59
ba32abfc048219e933bee869741da911,13,70
ba32abfc048219e933bee869741da911,14,66
ba32abfc048219e933bee869741da911,15,64
ba32abfc048219e933bee869741da911,16,98
ba32abfc048219e933bee869741da911,17,130
ba32abfc048219e933bee869741da911,18,87
ba32abfc048219e933bee869741da911,19,81
ba32abfc048219e933bee869741da911,20,67
ba32abfc048219e933bee869741da911,21,65
ba32abfc048219e933bee869741da911,22,52
ba32abfc048219e933bee869741da911,23,36
bf44d327f0232325c6d5280926d7b37d,0,28
bf44d327f0232325c6d5280926d7b37d,1,34
bf44d327f0232325c6d5280926d7b37d,2,13
bf44d327f0232325c6d5280926d7b37d,3,6
bf44d327f0232325c6d5280926d7b37d,4,2
bf44d327f0232325c6d5280926d7b37d,5,1
bf44d327f0232325c6d5280926d7b37d,6,3
bf44d327f0232325c6d5280926d7b37d,7,10
bf44d327f0232325c6d5280926d7b37d,8,30
bf44d327f0232325c6d5280926d7b37d,9,39
bf44d327f0232325c6d5280926d7b37d,10,30
bf44d327f0232325c6d5280926d7b37d,11,41
bf44d327f0232325c6d5280926d7b37d,12,49
bf44d327f0232325c6d5280926d7b37d,13,58
bf44d327f0232325c6d5280926d7b37d,14,64
bf44d327f0232325c6d5280926d7b37d,15,57
bf44d327f0232325c6d5280926d7b37d,16,78
bf44d327f0232325c6d5280926d7b37d,17,109
bf44d327f0232325c6d5280926d7b37d,18,76
bf44d327f0232325c6d5280926d7b37d,19,74
bf44d327f0232325c6d5280926d7b37d,20,74
bf44d327f0232325c6d5280926d7b37d,21,66
bf44d327f0232325c6d5280926d7b37d,22,64
bf44d327f0232325c6d5280926d7b37d,23,37
c4ec24e0a58ebedaa1661e5c09e47bb5,0,69
c4ec24e0a58ebedaa1661e5c09e47bb5,1,53
c4ec24e0a58ebedaa1661e5c09e47bb5,2,38
c4ec24e0a58ebedaa1661e5c09e47bb5,3,10
c4ec24e0a58ebedaa1661e5c09e47bb5,4,3
c4ec24e0a58ebedaa1661e5c09e47bb5,5,1
c4ec24e0a58ebedaa1661e5c09e47bb5,6,3
c4ec24e0a58ebedaa1661e5c09e47bb5,7,20
c4ec24e0a58ebedaa1661e5c09e47bb5,8,45
c4ec24e0a58ebedaa1661e5c09e47bb5,9,58
c4ec24e0a58ebedaa1661e5c09e47bb5,10,59
c4ec24e0a58ebedaa1661e5c09e47bb5,11,75
c4ec24e0a58ebedaa1661e5c09e47bb5,12,86
c4ec24e0a58ebedaa1661e5c09e47bb5,13,88
c4ec24e0a58ebedaa1661e5c09e47bb5,14,87
c4ec24e0a58ebedaa1661e5c09e47bb5,15,74
c4ec24e0a58ebedaa1661e5c09e47bb5,16,108
c4ec24e0a58ebedaa1661e5c09e47bb5,17,131
c4ec24e0a58ebedaa1661e5c09e47bb5,18,101
c4ec24e0a58ebedaa1661e5c09e47bb5,19,106
c4ec24e0a58ebedaa1661e5c09e47bb5,20,103
c4ec24e0a58ebedaa1661e5c09e47bb5,21,83
c4ec24e0a58ebedaa1661e5c09e47bb5,22,70
c4ec24e0a58ebedaa1661e5c09e47bb5,23,61
c9f855e3e13480aad0af64b418e810c3,0,14
c9f855e3e13480aad0af64b418e810c3,1,6
c9f855e3e13480aad0af64b418e810c3,2,2
c9f855e3e13480aad0af64b418e810c3,3,2
c9f855e3e13480aad0af64b418e810c3,4,1
c9f855e3e13480aad0af64b418e810c3,7,13
c9f855e3e13480aad0af64b418e810c3,8,20
c9f855e3e13480aad0af64b418e810c3,9,36
c9f855e3e13480aad0af64b418e810c3,10,26
c9f855e3e13480aad0af64b418e810c3,11,20
c9f855e3e13480aad0af64b418e810c3,12,24
c9f855e3e13480aad0af64b418e810c3,13,23
c9f855e3e13480aad0af64b418e810c3,14,25
c9f855e3e13480aad0af64b418e810c3,15,17
c9f855e3e13480aad0af64b418e810c3,16,25
c9f855e3e13480aad0af64b418e810c3,17,36
c9f855e3e13480aad0af64b418e810c3,18,38
c9f855e3e13480aad0af64b418e810c3,19,27
c9f855e3e13480aad0af64b418e810c3,20,8
c9f855e3e13480aad0af64b418e810c3,21,18
c9f855e3e13480aad0af64b418e810c3,22,11
c9f855e3e13480aad0af64b418e810c3,23,11
ca064c2682ca48c6a21de012e87c0df5,0,298
ca064c2682ca48c6a21de012e87c0df5,1,249
ca064c2682ca48c6a21de012e87c0df5,2,164
ca064c2682ca48c6a21de012e87c0df5,3,80
ca064c2682ca48c6a21de012e87c0df5,4,57
ca064c2682ca48c6a21de012e87c0df5,5,36
ca064c2682ca48c6a21de012e87c0df5,6,56
ca064c2682ca48c6a21de012e87c0df5,7,171
ca064c2682ca48c6a21de012e87c0df5,8,273
ca064c2682ca48c6a21de012e87c0df5,9,293
ca064c2682ca48c6a21de012e87c0df5,10,319
ca064c2682ca48c6a21de012e87c0df5,11,284
ca064c2682ca48c6a21de012e87c0df5,12,302
ca064c2682ca48c6a21de012e87c0df5,13,327
ca064c2682ca48c6a21de012e87c0df5,14,372
ca064c2682ca48c6a21de012e87c0df5,15,354
ca064c2682ca48c6a21de012e87c0df5,16,422
ca064c2682ca48c6a21de012e87c0df5,17,512
ca064c2682ca48c6a21de012e87c0df5,18,494
ca064c2682ca48c6a21de012e87c0df5,19,413
ca064c2682ca48c6a21de012e87c0df5,20,395
ca064c2682ca48c6a21de012e87c0df5,21,375
ca064c2682ca48c6a21de012e87c0df5,22,330
ca064c2682ca48c6a21de012e87c0df5,23,237
cb6041cc08444746caf6039d8b9e43cb,0,6
cb6041cc08444746caf6039d8b9e43cb,1,5
cb6041cc08444746caf6039d8b9e43cb,2,2
cb6041cc08444746caf6039d8b9e43cb,3,3
cb6041cc08444746caf6039d8b9e43cb,4,3
cb6041cc08444746caf6039d8b9e43cb,6,2
cb6041cc08444746caf6039d8b9e43cb,7,8
cb6041cc08444746caf6039d8b9e43cb,8,18
cb6041cc08444746caf6039d8b9e43cb,9,18
cb6041cc08444746caf6039d8b9e43cb,10,19
cb6041cc08444746caf6039d8b9e43cb,11,12
cb6041cc08444746caf6039d8b9e43cb,12,16
cb6041cc08444746caf6039d8b9e43cb,13,21
cb6041cc08444746caf6039d8b9e43cb,14,18
cb6041cc08444746caf6039d8b9e43cb,15,19
cb6041cc08444746caf6039d8b9e43cb,16,20
cb6041cc08444746caf6039d8b9e43cb,17,25
cb6041cc08444746caf6039d8b9e43cb,18,35
cb6041cc08444746caf6039d8b9e43cb,19,19
cb6041cc08444746caf6039d8b9e43cb,20,16
cb6041cc08444746caf6039d8b9e43cb,21,17
cb6041cc08444746caf6039d8b9e43cb,22,15
cb6041cc08444746caf6039d8b9e43cb,23,8
d05052b4bda7662a084f235e880f50fa,0,32
d05052b4bda7662a084f235e880f50fa,1,31
d05052b4bda7662a084f235e880f50fa,2,24
d05052b4bda7662a084f235e880f50fa,3,10
d05052b4bda7662a084f235e880f50fa,4,8
d05052b4bda7662a084f235e880f50fa,5,6
d05052b4bda7662a084f235e880f50fa,6,10
d05052b4bda7662a084f235e880f50fa,7,72
d05052b4bda7662a084f235e880f50fa,8,116
d05052b4bda7662a084f235e880f50fa,9,154
d05052b4bda7662a084f235e880f50fa,10,141
d05052b4bda7662a084f235e880f50fa,11,131
d05052b4bda7662a084f235e880f50fa,12,160
d05052b4bda7662a084f235e880f50fa,13,161
d05052b4bda7662a084f235e880f50fa,14,156
d05052b4bda7662a084f235e880f50fa,15,152
d05052b4bda7662a084f235e880f50fa,16,141
d05052b4bda7662a084f235e880f50fa,17,142
d05052b4bda7662a084f235e880f50fa,18,149
d05052b4bda7662a084f235e880f50fa,19,130
d05052b4bda7662a084f235e880f50fa,20,112
d05052b4bda7662a084f235e880f50fa,21,74
d05052b4bda7662a084f235e880f50fa,22,76
d05052b4bda7662a084f235e880f50fa,23,37
d4ec2125aff74eded207d2d915ef682f,0,2487
d4ec2125aff74eded207d2d915ef682f,1,2164
d4ec2125aff74eded207d2d915ef682f,2,1388
d4ec2125aff74eded207d2d915ef682f,3,521
d4ec2125aff74eded207d2d915ef682f,4,236
d4ec2125aff74eded207d2d915ef682f,5,156
d4ec2125aff74eded207d2d915ef682f,6,153
d4ec2125aff74eded207d2d915ef682f,7,363
d4ec2125aff74eded207d2d915ef682f,8,802
d4ec2125aff74eded207d2d915ef682f,9,1113
d4ec2125aff74eded207d2d915ef682f,10,1349
d4ec2125aff74eded207d2d915ef682f,11,1404
d4ec2125aff74eded207d2d915ef682f,12,1494
d4ec2125aff74eded207d2d915ef682f,13,1661
d4ec2125aff74eded207d2d915ef682f,14,1753
d4ec2125aff74eded207d2d915ef682f,15,1702
d4ec2125aff74eded207d2d915ef682f,16,2479
d4ec2125aff74eded207d2d915ef682f,17,2227
d4ec2125aff74eded207d2d915ef682f,18,2444
d4ec2125aff74eded207d2d915ef682f,19,2384
d4ec2125aff74eded207d2d915ef682f,20,2548
d4ec2125aff74eded207d2d915ef682f,21,2637
d4ec2125aff74eded207d2d915ef682f,22,2347
d4ec2125aff74eded207d2d915ef682f,23,1615
d524868ce69cb9db10fc5af177fb9423,0,8
d524868ce69cb9db10fc5af177fb9423,1,5
d524868ce69cb9db10fc5af177fb9423,2,1
d524868ce69cb9db10fc5af177fb9423,3,1
d524868ce69cb9db10fc5af177fb9423,7,1
d524868ce69cb9db10fc5af177fb9423,8,16
d524868ce69cb9db10fc5af177fb9423,9,12
d524868ce69cb9db10fc5af177fb9423,10,8
d524868ce69cb9db10fc5af177fb9423,11,9
d524868ce69cb9db10fc5af177fb9423,12,17
d524868ce69cb9db10fc5af177fb9423,13,16
d524868ce69cb9db10fc5af177fb9423,14,15
d524868ce69cb9db10fc5af177fb9423,15,11
d524868ce69cb9db10fc5af177fb9423,16,21
d524868ce69cb9db10fc5af177fb9423,17,15
d524868ce69cb9db10fc5af177fb9423,18,15
d524868ce69cb9db10fc5af177fb9423,19,16
d524868ce69cb9db10fc5af177fb9423,20,17
d524868ce69cb9db10fc5af177fb9423,21,22
d524868ce69cb9db10fc5af177fb9423,22,13
d524868ce69cb9db10fc5af177fb9423,23,9
d5cb17978de290c56e84c9cf97e63186,1,1
d5cb17978de290c56e84c9cf97e63186,8,1
d5cb17978de290c56e84c9cf97e63186,9,4
d5cb17978de290c56e84c9cf97e63186,10,4
d5cb17978de290c56e84c9cf97e63186,11,3
d5cb17978de290c56e84c9cf97e63186,12,2
d5cb17978de290c56e84c9cf97e63186,13,5
d5cb17978de290c56e84c9cf97e63186,14,9
d5cb17978de290c56e84c9cf97e63186,15,6
d5cb17978de290c56e84c9cf97e63186,16,13
d5cb17978de290c56e84c9cf97e63186,17,16
d5cb17978de290c56e84c9cf97e63186,18,3
d5cb17978de290c56e84c9cf97e63186,19,3
d5cb17978de290c56e84c9cf97e63186,20,1
d5cb17978de290c56e84c9cf97e63186,21,1
d5cb17978de290c56e84c9cf97e63186,22,2
d5cb17978de290c56e84c9cf97e63186,23,2
dd8d3b9665536d6e05b29c2648c0e69a,0,58
dd8d3b9665536d6e05b29c2648c0e69a,1,72
dd8d3b9665536d6e05b29c2648c0e69a,2,31
dd8d3b9665536d6e05b29c2648c0e69a,3,14
dd8d3b9665536d6e05b29c2648c0e69a,4,6
dd8d3b9665536d6e05b29c2648c0e69a,5,2
dd8d3b9665536d6e05b29c2648c0e69a,6,13
dd8d3b9665536d6e05b29c2648c0e69a,7,62
dd8d3b9665536d6e05b29c2648c0e69a,8,122
dd8d3b9665536d6e05b29c2648c0e69a,9,146
dd8d3b9665536d6e05b29c2648c0e69a,10,119
dd8d3b9665536d6e05b29c2648c0e69a,11,135
dd8d3b9665536d6e05b29c2648c0e69a,12,151
dd8d3b9665536d6e05b29c2648c0e69a,13,147
dd8d3b9665536d6e05b29c2648c0e69a,14,164
dd8d3b9665536d6e05b29c2648c0e69a,15,138
dd8d3b9665536d6e05b29c2648c0e69a,16,159
dd8d3b9665536d6e05b29c2648c0e69a,17,169
dd8d3b9665536d6e05b29c2648c0e69a,18,180
dd8d3b9665536d6e05b29c2648c0e69a,19,122
dd8d3b9665536d6e05b29c2648c0e69a,20,149
dd8d3b9665536d6e05b29c2648c0e69a,21,125
dd8d3b9665536d6e05b29c2648c0e69a,22,83
dd8d3b9665536d6e05b29c2648c0e69a,23,67
de092beab9305613aca8f79d7d7224e7,0,7
de092beab9305613aca8f79d7d7224e7,1,3
de092beab9305613aca8f79d7d7224e7,2,3
de092beab9305613aca8f79d7d7224e7,3,1
de092beab9305613aca8f79d7d7224e7,4,1
de092beab9305613aca8f79d7d7224e7,7,1
de092beab9305613aca8f79d7d7224e7,8,6
de092beab9305613aca8f79d7d7224e7,9,11
de092beab9305613aca8f79d7d7224e7,10,11
de092beab9305613aca8f79d7d7224e7,11,16
de092beab9305613aca8f79d7d7224e7,12,19
de092beab9305613aca8f79d7d7224e7,13,12
de092beab9305613aca8f79d7d7224e7,14,15
de092beab9305613aca8f79d7d7224e7,15,21
de092beab9305613aca8f79d7d7224e7,16,19
de092beab9305613aca8f79d7d7224e7,17,20
de092beab9305613aca8f79d7d7224e7,18,12
de092beab9305613aca8f79d7d7224e7,19,16
de092beab9305613aca8f79d7d7224e7,20,10
de092beab9305613aca8f79d7d7224e7,21,16
de092beab9305613aca8f79d7d7224e7,22,8
de092beab9305613aca8f79d7d7224e7,23,11
f2c8c4bb99e6377d21de71275afd6cd2,0,62
f2c8c4bb99e6377d21de71275afd6cd2,1,48
f2c8c4bb99e6377d21de71275afd6cd2,2,25
f2c8c4bb99e6377d21de71275afd6cd2,3,11
f2c8c4bb99e6377d21de71275afd6cd2,4,4
f2c8c4bb99e6377d21de71275afd6cd2,5,3
f2c8c4bb99e6377d21de71275afd6cd2,6,2
f2c8c4bb99e6377d21de71275afd6cd2,7,26
f2c8c4bb99e6377d21de71275afd6cd2,8,60
f2c8c4bb99e6377d21de71275afd6cd2,9,68
f2c8c4bb99e6377d21de71275afd6cd2,10,82
f2c8c4bb99e6377d21de71275afd6cd2,11,71
f2c8c4bb99e6377d21de71275afd6cd2,12,88
f2c8c4bb99e6377d21de71275afd6cd2,13,103
f2c8c4bb99e6377d21de71275afd6cd2,14,109
f2c8c4bb99e6377d21de71275afd6cd2,15,106
f2c8c4bb99e6377d21de71275afd6cd2,16,115
f2c8c4bb99e6377d21de71275afd6cd2,17,177
f2c8c4bb99e6377d21de71275afd6cd2,18,112
f2c8c4bb99e6377d21de71275afd6cd2,19,135
f2c8c4bb99e6377d21de71275afd6cd2,20,119
f2c8c4bb99e6377d21de71275afd6cd2,21,86
f2c8c4bb99e6377d21de71275afd6cd2,22,86
f2c8c4bb99e6377d21de71275afd6cd2,23,53
f47f35242ed40655814bc086d7514046,0,12
f47f35242ed40655814bc086d7514046,1,19
f47f35242ed40655814bc086d7514046,2,8
f47f35242ed40655814bc086d7514046,3,5
f47f35242ed40655814bc086d7514046,4,3
f47f35242ed40655814bc086d7514046,5,2
f47f35242ed40655814bc086d7514046,6,3
f47f35242ed40655814bc086d7514046,7,15
f47f35242ed40655814bc086d7514046,8,42
f47f35242ed40655814bc086d7514046,9,57
f47f35242ed40655814bc086d7514046,10,49
f47f35242ed40655814bc086d7514046,11,48
f47f35242ed40655814bc086d7514046,12,40
f47f35242ed40655814bc086d7514046,13,64
f47f35242ed40655814bc086d7514046,14,47
f47f35242ed40655814bc086d7514046,15,49
f47f35242ed40655814bc086d7514046,16,45
f47f35242ed40655814bc086d7514046,17,79
f47f35242ed40655814bc086d7514046,18,75
f47f35242ed40655814bc086d7514046,19,55
f47f35242ed40655814bc086d7514046,20,36
f47f35242ed40655814bc086d7514046,21,29
f47f35242ed40655814bc086d7514046,22,27
f47f35242ed40655814bc086d7514046,23,17
f9280c5dab6910ed44e518248048b9fe,0,15
f9280c5dab6910ed44e518248048b9fe,1,7
f9280c5dab6910ed44e518248048b9fe,2,8
f9280c5dab6910ed44e518248048b9fe,3,3
f9280c5dab6910ed44e518248048b9fe,5,1
f9280c5dab6910ed44e518248048b9fe,6,3
f9280c5dab6910ed44e518248048b9fe,7,18
f9280c5dab6910ed44e518248048b9fe,8,37
f9280c5dab6910ed44e518248048b9fe,9,40
f9280c5dab6910ed44e518248048b9fe,10,38
f9280c5dab6910ed44e518248048b9fe,11,34
f9280c5dab6910ed44e518248048b9fe,12,39
f9280c5dab6910ed44e518248048b9fe,13,48
f9280c5dab6910ed44e518248048b9fe,14,53
f9280c5dab6910ed44e518248048b9fe,15,33
f9280c5dab6910ed44e518248048b9fe,16,42
f9280c5dab6910ed44e518248048b9fe,17,54
f9280c5dab6910ed44e518248048b9fe,18,46
f9280c5dab6910ed44e518248048b9fe,19,58
f9280c5dab6910ed44e518248048b9fe,20,43
f9280c5dab6910ed44e518248048b9fe,21,32
f9280c5dab6910ed44e518248048b9fe,22,22
f9280c5dab6910ed44e518248048b9fe,23,19
fc34648599753c9e74ab238e9a4a07ad,0,251
fc34648599753c9e74ab238e9a4a07ad,1,253
fc34648599753c9e74ab238e9a4a07ad,2,129
fc34648599753c9e74ab238e9a4a07ad,3,63
fc34648599753c9e74ab238e9a4a07ad,4,31
fc34648599753c9e74ab238e9a4a07ad,5,13
fc34648599753c9e74ab238e9a4a07ad,6,13
fc34648599753c9e74ab238e9a4a07ad,7,53
fc34648599753c9e74ab238e9a4a07ad,8,125
fc34648599753c9e74ab238e9a4a07ad,9,158
fc34648599753c9e74ab238e9a4a07ad,10,154
fc34648599753c9e74ab238e9a4a07ad,11,178
fc34648599753c9e74ab238e9a4a07ad,12,190
fc34648599753c9e74ab238e9a4a07ad,13,233
fc34648599753c9e74ab238e9a4a07ad,14,245
fc34648599753c9e74ab238e9a4a07ad,15,253
fc34648599753c9e74ab238e9a4a07ad,16,339
fc34648599753c9e74ab238e9a4a07ad,17,402
fc34648599753c9e74ab238e9a4a07ad,18,355
fc34648599753c9e74ab238e9a4a07ad,19,347
fc34648599753c9e74ab238e9a4a07ad,20,294
fc34648599753c9e74ab238e9a4a07ad,21,310
fc34648599753c9e74ab238e9a4a07ad,22,257
fc34648599753c9e74ab238e9a4a07ad,23,184
fff4e8465d1e12621bc361276b6217cf,0,8
fff4e8465d1e12621bc361276b6217cf,1,4
fff4e8465d1e12621bc361276b6217cf,2,8
fff4e8465d1e12621bc361276b6217cf,3,2
fff4e8465d1e12621bc361276b6217cf,4,1
fff4e8465d1e12621bc361276b6217cf,7,7
fff4e8465d1e12621bc361276b6217cf,8,16
fff4e8465d1e12621bc361276b6217cf,9,8
fff4e8465d1e12621bc361276b6217cf,10,9
fff4e8465d1e12621bc361276b6217cf,11,11
fff4e8465d1e12621bc361276b6217cf,12,11
fff4e8465d1e12621bc361276b6217cf,13,11
fff4e8465d1e12621bc361276b6217cf,14,20
fff4e8465d1e12621bc361276b6217cf,15,15
fff4e8465d1e12621bc361276b6217cf,16,17
fff4e8465d1e12621bc361276b6217cf,17,17
fff4e8465d1e12621bc361276b6217cf,18,16
fff4e8465d1e12621bc361276b6217cf,19,13
fff4e8465d1e12621bc361276b6217cf,20,14
fff4e8465d1e12621bc361276b6217cf,21,10
fff4e8465d1e12621bc361276b6217cf,22,14
fff4e8465d1e12621bc361276b6217cf,23,8
